"shape","common_id","common_name","Total Turnout (#)","Total Turnout (%)","Number of Precincts with Invalid Ballots from 0-1%","Number of Precincts with Invalid Ballots from 1-3%","Number of Precincts with Invalid Ballots from 3-5%","Number of Precincts with Invalid Ballots > 5%","Invalid Ballots (%)","Precincts Reported (#)","Precincts Reported (%)","Free Georgia","United National Movement","Movement for Fair Georgia","Christian-Democratic Movement","New Rights","Labour","Georgian Dream"
"Country","Georgia","Georgia","177935","58.2502","15","135","151","46",\N,"347","340.1961","0.8408","37.5367","0.4108","3.3434","0.9419","1.2342","55.2522"
"Region","Adjara","Adjara","177935","58.2502","15","135","151","46",\N,"347","340.1961","0.8408","37.5367","0.4108","3.3434","0.9419","1.2342","55.2522"
"District","79","Batumi","77448","57.5873","0","33","60","11",\N,"104","101.9608","0.9516","30.7303","0.3396","2.6444","0.7553","1.5262","62.6201"
"District","80","Keda","10862","68.9607","2","9","17","3",\N,"31","100.0000","0.6076","47.5143","0.9022","5.3397","2.1083","0.8930","42.4231"
"District","83","Khelvachauri","27111","58.1819","4","19","14","7",\N,"44","100.0000","0.5754","31.0981","0.4869","3.2201","0.7857","0.0000","63.2474"
"District","84","Khulo","14372","59.3027","2","26","20","6",\N,"54","100.0000","1.1968","59.7203","0.2505","4.3696","1.7604","1.1550","30.6499"
"District","81","Kobuleti","38686","55.8731","2","28","26","9",\N,"65","101.5625","0.6385","39.3941","0.3179","2.8305","0.4653","1.5406","54.6192"
"District","82","Shuakhevi","9456","62.3870","5","20","14","10",\N,"49","100.0000","1.2479","58.9679","0.8354","7.6671","2.2843","1.6392","26.7026"
"Precinct","1","79-1","753","54.6048",\N,\N,\N,\N,"3.9541",\N,\N,"1.1952","27.6228","0.3984","2.5232","0.7968","0.7968","65.7371"
"Precinct","2","79-2","748","55.9461",\N,\N,\N,\N,"4.5918",\N,\N,"0.9358","30.6150","0.2674","1.3369","0.1337","1.6043","65.1070"
"Precinct","3","79-3","773","52.3004",\N,\N,\N,\N,"2.3990",\N,\N,"1.0349","30.6598","0.6468","1.8111","0.7762","2.3286","60.2846"
"Precinct","4","79-4","688","47.0267",\N,\N,\N,\N,"11.3402",\N,\N,"0.8721","30.3779","0.1453","2.7616","2.0349","2.3256","61.1919"
"Precinct","5","79-5","211","38.7868",\N,\N,\N,\N,"2.7650",\N,\N,"0.9479","36.0190","0.0000","3.3175","0.0000","1.8957","57.8199"
"Precinct","6","79-6","924","62.8571",\N,\N,\N,\N,"5.2308",\N,\N,"0.6494","29.6537","0.0000","1.6234","1.0823","1.2987","65.6926"
"Precinct","7","79-7","701","57.5534",\N,\N,\N,\N,"3.7088",\N,\N,"1.2839","20.1141","0.5706","2.4251","1.2839","1.2839","72.7532"
"Precinct","8","79-8","754","62.1087",\N,\N,\N,\N,"3.4571",\N,\N,"0.7958","29.7082","0.1326","2.3873","1.0610","0.9284","64.4562"
"Precinct","9","79-9","769","57.9940",\N,\N,\N,\N,"3.2704",\N,\N,"0.6502","21.3264","0.1300","1.8205","4.0312","1.4304","70.4811"
"Precinct","10","79-10","866","59.3557",\N,\N,\N,\N,"3.0235",\N,\N,"1.1547","27.0208","0.1155","1.3857","0.2309","1.2702","68.0139"
"Precinct","11","79-11","864","57.7154",\N,\N,\N,\N,"3.3557",\N,\N,"1.6204","24.3056","0.1157","3.1250","0.3472","1.5046","68.6343"
"Precinct","12","79-12","763","56.6024",\N,\N,\N,\N,"4.1457",\N,\N,"0.9174","25.9502","0.3932","3.0144","1.3106","1.7038","66.4482"
"Precinct","13","79-13","809","54.8475",\N,\N,\N,\N,"5.7110",\N,\N,"0.9889","20.5192","0.4944","1.4833","0.7417","1.8541","73.9184"
"Precinct","14","79-14","790","54.9374",\N,\N,\N,\N,"11.4350",\N,\N,"1.0127","29.3671","0.2532","3.0380","0.5063","1.2658","63.7975"
"Precinct","15","79-15","1804","122.8883",\N,\N,\N,\N,"2.1161",\N,\N,"0.6098","61.5854","0.0554","1.9401","0.4435","0.4435","34.8670"
"Precinct","16","79-16","956","64.6383",\N,\N,\N,\N,"2.1494",\N,\N,"1.7782","28.2427","0.5230","3.6611","0.3138","1.8828","63.1799"
"Precinct","17","79-17","852","59.7057",\N,\N,\N,\N,"2.8506",\N,\N,"0.5869","25.5869","0.1174","3.9906","0.7042","1.6432","67.2535"
"Precinct","18","79-18","845","56.2958",\N,\N,\N,\N,"2.4249",\N,\N,"1.6568","29.9408","0.7101","2.2485","0.4734","1.3018","63.5503"
"Precinct","19","79-19","776","54.0390",\N,\N,\N,\N,"5.3659",\N,\N,"1.0309","27.7062","0.2577","3.2216","1.1598","1.0309","65.5928"
"Precinct","20","79-20","773","51.0905",\N,\N,\N,\N,"2.5221",\N,\N,"1.1643","30.5304","0.0000","1.5524","0.2587","2.4580","60.0259"
"Precinct","21","79-21","804","53.0343",\N,\N,\N,\N,"2.5455",\N,\N,"1.6169","25.8706","0.2488","3.7313","0.0000","0.8706","67.0398"
"Precinct","22","79-22","730","57.0758",\N,\N,\N,\N,"2.7963",\N,\N,"1.6438","33.2877","0.2740","3.5616","0.4110","0.2740","60.0000"
"Precinct","23","79-23","669","54.3461",\N,\N,\N,\N,"2.9028",\N,\N,"0.5979","31.9880","0.4484","4.1854","0.7474","2.5411","59.1928"
"Precinct","24","79-24","741","52.2936",\N,\N,\N,\N,"3.3898",\N,\N,"0.5398","32.2537","0.2699","2.2942","0.4049","1.6194","62.0783"
"Precinct","25","79-25","771","53.6161",\N,\N,\N,\N,"3.7453",\N,\N,"1.0376","25.9403","0.2594","5.9663","0.5188","1.5564","64.5914"
"Precinct","26","79-26","739","50.7207",\N,\N,\N,\N,"3.2723",\N,\N,"0.2706","32.6116","0.8119","6.7659","0.2706","1.3532","57.9161"
"Precinct","27","79-27","720","55.4700",\N,\N,\N,\N,"2.0408",\N,\N,"1.5278","32.6389","0.6944","2.7778","0.2778","1.5278","57.5000"
"Precinct","28","79-28","707","57.5264",\N,\N,\N,\N,"1.9417",\N,\N,"1.5559","31.8246","0.5658","2.4045","0.7072","1.5559","60.5375"
"Precinct","29","79-29","859","59.2414",\N,\N,\N,\N,"2.6077",\N,\N,"1.7462","20.8382","0.0000","3.2596","0.2328","4.0745","69.8487"
"Precinct","30","79-30","811","55.2076",\N,\N,\N,\N,"4.1371",\N,\N,"1.4797","24.6609","0.3699","3.2059","0.9864","1.4797","67.4476"
"Precinct","31","79-31","815","55.7075",\N,\N,\N,\N,"3.8915",\N,\N,"0.3681","27.3620","0.1227","3.3129","0.3681","1.2270","66.9939"
"Precinct","32","79-32","714","54.9231",\N,\N,\N,\N,"3.1208",\N,\N,"0.9804","28.4314","0.2801","1.8207","0.9804","0.9804","66.2465"
"Precinct","33","79-33","809","55.1090",\N,\N,\N,\N,"5.3801",\N,\N,"0.9889","26.8232","0.4944","2.2250","0.3708","1.8541","66.9963"
"Precinct","34","79-34","835","55.0066",\N,\N,\N,\N,"4.1332",\N,\N,"2.0359","28.6228","0.2395","2.2754","0.4790","1.4371","64.5509"
"Precinct","35","79-35","799","54.5765",\N,\N,\N,\N,"3.5024",\N,\N,"1.0013","29.4118","0.3755","2.3780","0.7509","1.5019","64.2053"
"Precinct","36","79-36","825","59.2672",\N,\N,\N,\N,"3.3958",\N,\N,"0.6061","32.3636","0.3636","2.4242","0.8485","1.8182","61.0909"
"Precinct","37","79-37","770","59.3678",\N,\N,\N,\N,"2.2843",\N,\N,"0.2597","22.9870","0.1299","2.9870","0.2597","1.4286","71.8182"
"Precinct","38","79-38","841","62.4350",\N,\N,\N,\N,"3.4443",\N,\N,"0.1189","21.1653","0.1189","1.7836","1.0702","2.0214","73.3650"
"Precinct","39","79-39","811","56.5551",\N,\N,\N,\N,"4.3632",\N,\N,"1.4797","26.5105","0.6165","3.0826","0.4932","2.0962","65.7213"
"Precinct","40","79-40","839","61.1071",\N,\N,\N,\N,"3.7844",\N,\N,"0.5959","26.6985","0.0000","2.3838","0.7151","8.3433","61.2634"
"Precinct","41","79-41","710","58.0540",\N,\N,\N,\N,"3.6635",\N,\N,"0.8451","31.4085","0.2817","2.9577","2.5352","3.0986","58.8732"
"Precinct","42","79-42","799","59.0540",\N,\N,\N,\N,"2.5610",\N,\N,"0.7509","32.7910","0.3755","2.6283","0.5006","1.6270","61.3267"
"Precinct","43","79-43","533","57.7465",\N,\N,\N,\N,"2.2018",\N,\N,"0.9381","34.7092","0.1876","2.4390","1.5009","2.0638","57.7861"
"Precinct","44","79-44","771","52.2004",\N,\N,\N,\N,"4.3424",\N,\N,"1.1673","29.0532","0.3891","2.8534","0.1297","1.4267","64.9805"
"Precinct","45","79-45","781","55.8256",\N,\N,\N,\N,"2.6185",\N,\N,"0.6402","25.4802","0.0000","2.3047","0.5122","1.5365","67.6056"
"Precinct","46","79-46","740","53.2757",\N,\N,\N,\N,"4.5161",\N,\N,"0.5405","24.1892","0.2703","2.7027","1.2162","1.2162","69.3243"
"Precinct","47","79-47","612","56.3017",\N,\N,\N,\N,"3.0111",\N,\N,"0.9804","25.3268","0.8170","3.2680","0.6536","0.8170","67.9739"
"Precinct","48","79-48","695","51.0279",\N,\N,\N,\N,"3.7396",\N,\N,"0.2878","23.8849","0.5755","1.1511","1.1511","1.2950","70.7914"
"Precinct","49","79-49","733","56.0826",\N,\N,\N,\N,"6.7430",\N,\N,"3.4106","25.5116","0.1364","1.6371","0.5457","1.9100","66.7121"
"Precinct","50","79-50","864","58.0255",\N,\N,\N,\N,"2.8121",\N,\N,"1.3889","33.3333","0.4630","2.6620","0.5787","1.7361","59.1435"
"Precinct","51","79-51","728","54.5318",\N,\N,\N,\N,"3.4483",\N,\N,"0.9615","28.9835","0.1374","2.4725","1.9231","1.5110","64.0110"
"Precinct","52","79-52","847","59.8587",\N,\N,\N,\N,"4.2938",\N,\N,"1.0626","22.3140","0.4723","4.1322","0.7084","1.7710","69.1854"
"Precinct","53","79-53","1368","80.4706",\N,\N,\N,\N,"3.1161",\N,\N,"0.8772","52.0468","0.3655","1.2427","0.7310","1.5351","42.9825"
"Precinct","54","79-54","837","61.6802",\N,\N,\N,\N,"2.7875",\N,\N,"1.1947","24.4922","0.4779","2.5090","0.4779","1.7921","68.9367"
"Precinct","55","79-55","545","57.3684",\N,\N,\N,\N,"3.1972",\N,\N,"2.0183","37.6147","0.1835","3.1193","0.3670","1.4679","55.0459"
"Precinct","56","79-56","874","58.7366",\N,\N,\N,\N,"3.8504",\N,\N,"1.1442","28.9474","0.3432","2.2883","0.2288","1.4874","65.4462"
"Precinct","57","79-57","829","58.0532",\N,\N,\N,\N,"2.0095",\N,\N,"0.3619","23.0398","0.1206","3.1363","0.1206","2.1713","70.9288"
"Precinct","58","79-58","768","57.0156",\N,\N,\N,\N,"4.4776",\N,\N,"0.7813","26.0417","0.2604","5.0781","0.2604","1.4323","66.1458"
"Precinct","59","79-59","772","58.9313",\N,\N,\N,\N,"3.3792",\N,\N,"0.6477","33.6788","0.2591","2.4611","4.5337","1.0363","56.9948"
"Precinct","60","79-60","760","54.8341",\N,\N,\N,\N,"3.6755",\N,\N,"0.7895","30.0000","0.2632","1.9737","1.5789","1.5789","63.5526"
"Precinct","61","79-61","597","50.1259",\N,\N,\N,\N,"4.0193",\N,\N,"0.5025","38.6935","0.1675","3.8526","0.5025","1.1725","55.1089"
"Precinct","62","79-62","702","52.9811",\N,\N,\N,\N,"4.0984",\N,\N,"1.1396","30.0570","0.1425","2.5641","0.2849","1.5670","64.2450"
"Precinct","63","79-63","813","53.9841",\N,\N,\N,\N,"5.3551",\N,\N,"0.9840","23.9852","0.8610","2.4600","0.3690","2.2140","68.7577"
"Precinct","64","79-64","838","57.6738",\N,\N,\N,\N,"2.5581",\N,\N,"1.4320","31.6229","0.1193","2.6253","1.4320","1.1933","61.3365"
"Precinct","65","79-65","896","60.1746",\N,\N,\N,\N,"2.2901",\N,\N,"1.0045","32.5893","0.5580","3.3482","0.4464","1.2277","60.8259"
"Precinct","66","79-66","619","53.7326",\N,\N,\N,\N,"3.8820",\N,\N,"0.6462","27.4637","0.4847","2.4233","1.2924","2.1002","65.2666"
"Precinct","67","79-67","726","51.1989",\N,\N,\N,\N,"4.0951",\N,\N,"0.8264","32.9201","0.9642","5.6474","1.9284","1.1019","56.4738"
"Precinct","68","79-68","868","60.6145",\N,\N,\N,\N,"3.4483",\N,\N,"0.8065","29.2627","0.3456","2.7650","1.4977","1.0369","63.9401"
"Precinct","69","79-69","574","61.4561",\N,\N,\N,\N,"2.7119",\N,\N,"1.2195","26.8293","0.0000","4.1812","0.0000","1.7422","65.3310"
"Precinct","70","79-70","446","56.1006",\N,\N,\N,\N,"3.6717",\N,\N,"2.2422","30.4933","0.8969","3.8117","0.8969","1.3453","59.8655"
"Precinct","71","79-71","793","53.6899",\N,\N,\N,\N,"3.6452",\N,\N,"1.2610","25.8512","0.2522","1.3871","1.2610","1.2610","68.6003"
"Precinct","72","79-72","783","52.9770",\N,\N,\N,\N,"3.4525",\N,\N,"1.5326","21.2005","0.7663","2.0434","2.6820","1.5326","69.8595"
"Precinct","73","79-73","791","54.8544",\N,\N,\N,\N,"4.4686",\N,\N,"1.1378","22.7560","0.0000","1.8963","0.1264","1.3906","72.6928"
"Precinct","74","79-74","55","7.0694",\N,\N,\N,\N,"3.5088",\N,\N,"1.8182","30.9091","0.0000","7.2727","0.0000","3.6364","52.7273"
"Precinct","75","79-75","532","62.1495",\N,\N,\N,\N,"4.4883",\N,\N,"0.1880","27.4436","0.1880","1.3158","0.1880","0.9398","69.5489"
"Precinct","76","79-76","838","56.8136",\N,\N,\N,\N,"3.4562",\N,\N,"0.9547","24.7017","0.0000","1.3126","0.3580","0.9547","71.5990"
"Precinct","77","79-77","1155","118.8272",\N,\N,\N,\N,"2.5316",\N,\N,"0.5195","63.2900","0.1732","0.9524","0.0000","0.9524","33.5065"
"Precinct","78","79-78","601","58.0116",\N,\N,\N,\N,"1.7974",\N,\N,"0.4992","28.9517","0.4992","3.9933","0.3328","1.6639","64.0599"
"Precinct","79","79-79","742","59.8387",\N,\N,\N,\N,"3.6364",\N,\N,"0.6739","32.8841","0.6739","2.8302","0.4043","1.3477","61.0512"
"Precinct","80","79-80","72","8.6957",\N,\N,\N,\N,"1.3699",\N,\N,"4.1667","27.7778","0.0000","4.1667","1.3889","4.1667","58.3333"
"Precinct","81","79-81","665","55.6485",\N,\N,\N,\N,"4.1787",\N,\N,"1.8045","31.1278","0.3008","1.8045","0.0000","1.0526","63.1579"
"Precinct","82","79-82","373","57.5617",\N,\N,\N,\N,"1.8421",\N,\N,"1.3405","23.8606","0.5362","2.4129","0.0000","2.1448","69.7051"
"Precinct","83","79-83","622","49.9197",\N,\N,\N,\N,"2.9641",\N,\N,"1.1254","24.7588","0.0000","2.0900","0.6431","0.6431","69.6141"
"Precinct","84","79-84","497","55.8427",\N,\N,\N,\N,"3.1189",\N,\N,"0.6036","30.3823","0.4024","2.4145","0.0000","1.6097","64.3863"
"Precinct","85","79-85","763","59.8901",\N,\N,\N,\N,"4.0252",\N,\N,"0.3932","39.4495","0.1311","3.2765","0.6553","1.1796","53.3421"
"Precinct","86","79-86","484","64.7059",\N,\N,\N,\N,"2.4194",\N,\N,"0.6198","30.5785","0.0000","2.6860","1.0331","0.4132","63.6364"
"Precinct","87","79-87","884","63.6888",\N,\N,\N,\N,"2.1041",\N,\N,"0.5656","38.3484","0.5656","1.1312","0.4525","0.7919","55.8824"
"Precinct","88","79-88","655","54.7659",\N,\N,\N,\N,"4.0996",\N,\N,"0.3053","31.1450","0.3053","1.9847","0.1527","0.9160","64.4275"
"Precinct","89","79-89","781","63.4959",\N,\N,\N,\N,"3.2218",\N,\N,"0.6402","29.1933","0.6402","1.6645","0.2561","1.1524","66.1972"
"Precinct","90","79-90","641","49.9610",\N,\N,\N,\N,"3.0257",\N,\N,"0.3120","26.0530","0.3120","1.8721","0.0000","1.0920","70.0468"
"Precinct","91","79-91","982","64.1830",\N,\N,\N,\N,"6.5652",\N,\N,"0.6110","27.9022","0.3055","1.5275","0.9165","0.6110","68.1263"
"Precinct","92","79-92","920","69.2250",\N,\N,\N,\N,"2.8511",\N,\N,"0.7609","31.9565","0.3261","3.2609","1.9565","1.0870","60.6522"
"Precinct","93","79-93","528","61.8267",\N,\N,\N,\N,"2.7624",\N,\N,"0.9470","27.4621","0.0000","2.6515","0.3788","1.3258","66.8561"
"Precinct","94","79-94","752","64.4940",\N,\N,\N,\N,"3.7132",\N,\N,"0.7979","32.7128","3.4574","3.0585","0.0000","2.2606","57.1809"
"Precinct","95","79-95","730","64.7163",\N,\N,\N,\N,"3.1830",\N,\N,"1.7808","27.9452","0.2740","1.9178","0.1370","1.2329","66.5753"
"Precinct","96","79-96","811","55.0204",\N,\N,\N,\N,"3.1063",\N,\N,"0.0000","43.5265","0.4932","4.1924","0.4932","1.8496","48.7053"
"Precinct","97","79-97","807","55.1606",\N,\N,\N,\N,"4.2705",\N,\N,"0.4957","24.9071","0.2478","1.8587","0.9913","1.6109","69.7646"
"Precinct","98","79-98","706","59.0301",\N,\N,\N,\N,"5.7410",\N,\N,"0.5666","25.7790","0.1416","2.2663","0.8499","1.8414","68.1303"
"Precinct","99","79-99","740","60.1137",\N,\N,\N,\N,"3.2680",\N,\N,"0.4054","31.7568","0.1351","3.7838","0.5405","0.0000","63.1081"
"Precinct","100","79-100","514","62.0024",\N,\N,\N,\N,"3.0189",\N,\N,"0.3891","22.5681","0.3891","2.1401","1.5564","0.3891","71.4008"
"Precinct","101","79-101","355","82.7506",\N,\N,\N,\N,"2.2039",\N,\N,"1.1268","53.2394","0.0000","1.1268","0.0000","1.4085","43.0986"
"Precinct","102","79-102","668","43.4048",\N,\N,\N,\N,"4.8433",\N,\N,"0.4491","73.2036","0.0000","2.5449","0.4491","2.0958","20.2096"
"Precinct","103","79-103","780","51.5192",\N,\N,\N,\N,"3.9409",\N,\N,"0.7692","36.1538","0.2564","3.7179","1.6667","1.4103","56.0256"
"Precinct","104","79-104","755","54.0831",\N,\N,\N,\N,"5.2698",\N,\N,"0.9272","23.3113","0.1325","3.4437","0.3974","0.6623","70.7285"
"Precinct","1","80-1","886","67.5820",\N,\N,\N,\N,"4.6286",\N,\N,"0.2257","44.9210","0.7901","5.8691","3.2731","0.4515","44.2438"
"Precinct","2","80-2","576","69.4813",\N,\N,\N,\N,"1.8739",\N,\N,"0.1736","57.6389","1.3889","5.3819","2.4306","0.5208","31.7708"
"Precinct","3","80-3","238","79.0698",\N,\N,\N,\N,"4.0323",\N,\N,"0.0000","46.6387","0.0000","5.0420","0.4202","0.8403","47.0588"
"Precinct","4","80-4","338","70.7113",\N,\N,\N,\N,"2.5937",\N,\N,"0.5917","46.4497","0.2959","10.9467","1.1834","1.7751","38.7574"
"Precinct","5","80-5","215","75.7042",\N,\N,\N,\N,"4.4444",\N,\N,"0.4651","45.1163","2.3256","3.7209","2.3256","0.9302","45.1163"
"Precinct","6","80-6","253","59.3897",\N,\N,\N,\N,"2.6923",\N,\N,"0.0000","44.6640","0.7905","5.5336","1.5810","1.1858","46.2451"
"Precinct","7","80-7","234","70.4819",\N,\N,\N,\N,"2.5000",\N,\N,"0.0000","44.8718","0.0000","9.4017","0.0000","0.8547","44.8718"
"Precinct","8","80-8","202","70.3833",\N,\N,\N,\N,"4.7170",\N,\N,"0.0000","48.0198","2.4752","3.4653","2.4752","0.0000","42.5743"
"Precinct","9","80-9","198","64.4951",\N,\N,\N,\N,"3.8835",\N,\N,"0.0000","58.5859","0.0000","4.0404","0.0000","1.5152","35.8586"
"Precinct","10","80-10","407","65.5395",\N,\N,\N,\N,"2.8640",\N,\N,"0.0000","48.6486","1.7199","3.9312","1.7199","0.4914","43.2432"
"Precinct","11","80-11","283","79.7183",\N,\N,\N,\N,"4.3919",\N,\N,"0.0000","33.2155","0.7067","2.8269","12.3675","1.7668","49.1166"
"Precinct","12","80-12","293","71.2895",\N,\N,\N,\N,"7.5710",\N,\N,"0.0000","45.0512","1.7065","6.1433","2.0478","1.0239","44.0273"
"Precinct","13","80-13","315","67.1642",\N,\N,\N,\N,"5.1205",\N,\N,"0.0000","33.3333","5.7143","7.9365","0.9524","0.6349","51.4286"
"Precinct","14","80-14","468","69.3333",\N,\N,\N,\N,"4.6843",\N,\N,"0.6410","42.9487","0.2137","4.0598","1.4957","1.7094","48.9316"
"Precinct","15","80-15","360","63.6042",\N,\N,\N,\N,"4.0000",\N,\N,"11.6667","39.7222","0.0000","5.2778","1.6667","0.5556","40.8333"
"Precinct","16","80-16","506","66.9312",\N,\N,\N,\N,"4.7081",\N,\N,"0.0000","26.8775","0.3953","14.4269","1.1858","0.5929","56.3241"
"Precinct","17","80-17","384","71.1111",\N,\N,\N,\N,"3.5176",\N,\N,"0.7813","34.8958","0.0000","7.8125","7.5521","0.5208","47.6563"
"Precinct","18","80-18","637","70.7778",\N,\N,\N,\N,"3.1915",\N,\N,"0.6279","60.4396","0.4710","4.0816","0.6279","0.4710","33.2810"
"Precinct","19","80-19","139","78.0899",\N,\N,\N,\N,"0.7143",\N,\N,"0.0000","67.6259","1.4388","2.1583","0.7194","0.7194","26.6187"
"Precinct","20","80-20","364","73.0924",\N,\N,\N,\N,"3.4483",\N,\N,"0.5495","64.5604","1.0989","3.2967","0.0000","1.0989","29.3956"
"Precinct","21","80-21","219","79.6364",\N,\N,\N,\N,"1.7937",\N,\N,"0.0000","61.1872","0.4566","2.7397","0.0000","1.8265","33.7900"
"Precinct","22","80-22","364","70.4062",\N,\N,\N,\N,"5.9432",\N,\N,"0.0000","50.5495","0.0000","4.3956","1.0989","0.5495","43.4066"
"Precinct","23","80-23","305","71.2617",\N,\N,\N,\N,"4.3887",\N,\N,"0.9836","43.9344","0.6557","8.5246","0.9836","1.3115","42.6230"
"Precinct","24","80-24","175","72.3140",\N,\N,\N,\N,"0.0000",\N,\N,"0.5714","58.2857","0.0000","2.2857","2.2857","1.1429","35.4286"
"Precinct","25","80-25","373","71.4559",\N,\N,\N,\N,"2.3560",\N,\N,"0.2681","50.4021","1.0724","3.4853","0.0000","0.8043","43.9678"
"Precinct","26","80-26","373","68.1901",\N,\N,\N,\N,"3.6176",\N,\N,"0.2681","31.0992","0.2681","3.2172","5.6300","0.5362","58.7131"
"Precinct","27","80-27","351","62.7907",\N,\N,\N,\N,"3.0387",\N,\N,"0.0000","51.2821","1.1396","2.2792","0.8547","0.8547","43.5897"
"Precinct","28","80-28","297","76.5464",\N,\N,\N,\N,"2.6230",\N,\N,"0.0000","54.8822","2.0202","5.0505","1.6835","1.0101","34.6801"
"Precinct","29","80-29","553","60.7692",\N,\N,\N,\N,"3.8261",\N,\N,"0.0000","50.6329","0.3617","2.7125","2.1700","0.9042","42.8571"
"Precinct","30","80-30","213","66.3551",\N,\N,\N,\N,"3.6199",\N,\N,"0.0000","61.9718","0.4695","1.4085","0.9390","1.8779","33.3333"
"Precinct","31","80-31","343","66.2162",\N,\N,\N,\N,"1.7192",\N,\N,"0.0000","48.1050","1.4577","6.4140","2.6239","1.4577","39.9417"
"Precinct","1","81-1","443","58.1365",\N,\N,\N,\N,"3.9046",\N,\N,"0.4515","40.8578","0.2257","2.2573","0.0000","0.9029","55.3047"
"Precinct","2","81-2","580","52.7273",\N,\N,\N,\N,"2.0270",\N,\N,"0.8621","30.8621","0.3448","2.2414","1.0345","0.8621","63.6207"
"Precinct","3","81-3","535","51.3929",\N,\N,\N,\N,"6.1404",\N,\N,"0.5607","31.0280","0.1869","1.6822","0.1869","1.3084","65.0467"
"Precinct","4","81-4","666","63.8543",\N,\N,\N,\N,"3.1977",\N,\N,"0.9009","21.3213","0.9009","0.9009","0.7508","1.0511","72.2222"
"Precinct","5","81-5","679","59.1463",\N,\N,\N,\N,"2.3022",\N,\N,"1.1782","32.1060","1.9146","1.9146","0.2946","1.0309","61.5611"
"Precinct","6","81-6","474","67.2340",\N,\N,\N,\N,"2.0661",\N,\N,"1.8987","31.2236","0.0000","2.3207","0.4219","0.4219","63.5021"
"Precinct","7","81-7","699","57.2951",\N,\N,\N,\N,"3.8514",\N,\N,"2.1459","26.4664","0.0000","1.7167","0.2861","1.2876","68.0973"
"Precinct","8","81-8","458","56.5432",\N,\N,\N,\N,"3.9832",\N,\N,"1.0917","26.2009","0.4367","1.0917","0.0000","0.6550","70.5240"
"Precinct","9","81-9","855","65.7692",\N,\N,\N,\N,"2.5086",\N,\N,"0.5848","30.6433","0.2339","1.4035","0.0000","0.4678","65.4971"
"Precinct","10","81-10","902","65.0794",\N,\N,\N,\N,"3.2189",\N,\N,"0.5543","35.0333","0.5543","2.7716","0.2217","0.4435","60.1996"
"Precinct","11","81-11","617","52.1555",\N,\N,\N,\N,"3.2915",\N,\N,"0.1621","62.8849","0.3241","4.0519","0.1621","1.4587","30.6321"
"Precinct","12","81-12","889","59.3854",\N,\N,\N,\N,"2.7352",\N,\N,"0.5624","60.7424","0.3375","2.9246","1.7998","1.3498","32.2835"
"Precinct","13","81-13","552","56.9072",\N,\N,\N,\N,"4.0000",\N,\N,"0.7246","31.3406","0.3623","5.4348","0.3623","1.6304","60.1449"
"Precinct","14","81-14","670","52.7144",\N,\N,\N,\N,"2.7576",\N,\N,"0.5970","40.4478","0.0000","4.0299","0.4478","2.2388","52.0896"
"Precinct","15","81-15","761","49.6089",\N,\N,\N,\N,"2.3107",\N,\N,"0.0000","36.7937","0.5256","2.8909","0.0000","1.1827","58.2129"
"Precinct","16","81-16","159","50.9615",\N,\N,\N,\N,"4.2169",\N,\N,"0.0000","38.9937","0.0000","1.8868","1.2579","0.0000","52.2013"
"Precinct","17","81-17","727","54.9509",\N,\N,\N,\N,"2.2849",\N,\N,"0.0000","45.6671","0.0000","3.9890","0.5502","1.3755","48.4182"
"Precinct","18","81-18","471","68.1621",\N,\N,\N,\N,"3.6810",\N,\N,"0.4246","46.9214","0.2123","3.3970","0.2123","1.4862","47.3461"
"Precinct","19","81-19","852","64.4966",\N,\N,\N,\N,"2.8506",\N,\N,"1.0563","29.8122","0.2347","2.1127","0.1174","0.3521","66.1972"
"Precinct","20","81-20","736","65.6557",\N,\N,\N,\N,"4.4156",\N,\N,"0.2717","49.1848","0.1359","2.9891","0.0000","1.0870","46.3315"
"Precinct","21","81-21","788","51.2354",\N,\N,\N,\N,"1.7456",\N,\N,"0.5076","33.1218","1.1421","3.5533","0.8883","2.2843","58.3756"
"Precinct","22","81-22","647","53.5596",\N,\N,\N,\N,"3.7202",\N,\N,"0.0000","39.1036","0.1546","2.3184","0.0000","0.9274","57.4961"
"Precinct","23","81-23","900","66.8151",\N,\N,\N,\N,"2.2801",\N,\N,"1.1111","50.1111","0.1111","1.6667","0.3333","1.2222","45.3333"
"Precinct","24","81-24","562","41.2326",\N,\N,\N,\N,"3.6021",\N,\N,"0.1779","52.6690","0.3559","2.8470","0.5338","1.4235","41.8149"
"Precinct","25","81-25","493","68.1881",\N,\N,\N,\N,"2.5692",\N,\N,"0.8114","47.2617","0.4057","3.6511","0.2028","0.6085","47.0588"
"Precinct","26","81-26","655","51.4533",\N,\N,\N,\N,"3.6765",\N,\N,"2.5954","38.0153","0.1527","1.0687","0.4580","1.8321","55.4198"
"Precinct","27","81-27","685","45.5452",\N,\N,\N,\N,"7.1816",\N,\N,"0.5839","43.7956","0.7299","1.4599","0.2920","1.8978","50.9489"
"Precinct","28","81-28","278","48.0969",\N,\N,\N,\N,"1.0676",\N,\N,"0.7194","53.2374","0.3597","4.6763","0.0000","0.7194","40.2878"
"Precinct","29","81-29","877","55.2963",\N,\N,\N,\N,"3.0939",\N,\N,"0.3421","47.2064","0.4561","2.0525","0.6842","1.8244","47.4344"
"Precinct","30","81-30","664","45.0475",\N,\N,\N,\N,"4.0462",\N,\N,"0.9036","40.3614","0.4518","1.9578","0.1506","1.0542","55.1205"
"Precinct","31","81-31","658","62.0170",\N,\N,\N,\N,"2.6627",\N,\N,"0.7599","45.4407","0.3040","0.6079","0.0000","1.5198","51.3678"
"Precinct","32","81-32","793","68.0103",\N,\N,\N,\N,"2.4600",\N,\N,"0.3783","43.3796","0.1261","2.6482","0.3783","1.1349","51.7024"
"Precinct","33","81-33","370","55.1416",\N,\N,\N,\N,"17.5947",\N,\N,"0.2703","56.7568","0.0000","3.7838","0.0000","1.3514","37.2973"
"Precinct","34","81-34","495","42.3801",\N,\N,\N,\N,"2.1739",\N,\N,"0.0000","51.5152","0.2020","1.8182","0.2020","2.2222","43.8384"
"Precinct","35","81-35","522","55.8887",\N,\N,\N,\N,"4.7445",\N,\N,"0.0000","36.9732","0.0000","1.7241","0.0000","1.5326","59.7701"
"Precinct","36","81-36","751","60.3698",\N,\N,\N,\N,"0.3979",\N,\N,"0.1332","43.4088","0.1332","2.7963","0.1332","13.8482","39.2810"
"Precinct","37","81-37","153","72.1698",\N,\N,\N,\N,"0.6494",\N,\N,"0.0000","52.9412","0.0000","1.3072","0.0000","1.9608","43.7908"
"Precinct","38","81-38","753","61.8735",\N,\N,\N,\N,"2.7132",\N,\N,"0.2656","26.9588","0.0000","1.5936","0.3984","0.9296","69.8539"
"Precinct","39","81-39","347","66.6027",\N,\N,\N,\N,"2.2535",\N,\N,"0.0000","35.1585","0.2882","3.1700","0.8646","1.4409","58.7896"
"Precinct","40","81-40","379","67.0796",\N,\N,\N,\N,"2.5707",\N,\N,"0.7916","27.1768","0.0000","5.2770","0.0000","1.5831","65.1715"
"Precinct","41","81-41","731","54.7566",\N,\N,\N,\N,"4.3194",\N,\N,"0.5472","46.5116","0.0000","3.0096","0.5472","1.2312","48.0164"
"Precinct","42","81-42","652","51.3386",\N,\N,\N,\N,"3.5503",\N,\N,"0.0000","30.5215","0.0000","5.9816","0.0000","1.6871","61.8098"
"Precinct","43","81-43","833","55.6446",\N,\N,\N,\N,"3.4762",\N,\N,"0.7203","37.9352","0.4802","1.3205","0.2401","1.9208","56.9028"
"Precinct","44","81-44","786","51.0390",\N,\N,\N,\N,"2.9630",\N,\N,"0.5089","42.4936","0.3817","2.7990","1.0178","0.7634","51.6539"
"Precinct","45","81-45","435","56.3472",\N,\N,\N,\N,"5.0218",\N,\N,"0.2299","43.4483","0.2299","6.6667","1.6092","1.1494","46.6667"
"Precinct","46","81-46","970","61.9017",\N,\N,\N,\N,"1.2220",\N,\N,"0.2062","41.3402","0.0000","1.4433","0.0000","1.9588","55.0515"
"Precinct","47","81-47","676","59.2463",\N,\N,\N,\N,"2.5937",\N,\N,"0.4438","34.6154","0.1479","3.2544","1.3314","0.7396","59.4675"
"Precinct","48","81-48","686","54.7049",\N,\N,\N,\N,"2.4182",\N,\N,"0.7289","27.8426","0.0000","4.9563","0.8746","0.8746","64.5773"
"Precinct","49","81-49","498","59.5694",\N,\N,\N,\N,"1.5810",\N,\N,"0.2008","28.7149","0.0000","2.8112","2.0080","2.6104","63.6546"
"Precinct","50","81-50","607","54.8825",\N,\N,\N,\N,"3.0351",\N,\N,"0.4942","31.6310","0.3295","2.4712","1.4827","0.8237","62.6030"
"Precinct","51","81-51","441","59.4340",\N,\N,\N,\N,"1.5625",\N,\N,"0.4535","25.6236","0.0000","1.8141","2.4943","1.5873","68.0272"
"Precinct","52","81-52","461","54.3632",\N,\N,\N,\N,"3.1513",\N,\N,"0.6508","35.7918","0.6508","2.8200","0.2169","1.7354","57.9176"
"Precinct","53","81-53","530","53.8618",\N,\N,\N,\N,"5.0179",\N,\N,"2.0755","28.4906","1.6981","0.9434","0.1887","1.6981","64.9057"
"Precinct","54","81-54","696","53.9953",\N,\N,\N,\N,"5.4348",\N,\N,"1.5805","30.1724","1.0057","0.5747","0.0000","1.5805","64.9425"
"Precinct","55","81-55","400","55.4785",\N,\N,\N,\N,"3.6145",\N,\N,"1.0000","31.0000","0.2500","1.5000","2.5000","1.2500","62.5000"
"Precinct","56","81-56","579","59.6292",\N,\N,\N,\N,"5.0820",\N,\N,"0.0000","69.4301","0.0000","4.6632","0.1727","1.3817","24.3523"
"Precinct","57","81-57","407","55.6772",\N,\N,\N,\N,"4.0094",\N,\N,"0.0000","48.6486","0.4914","2.4570","0.2457","0.7371","47.1744"
"Precinct","58","81-58","544","55.1165",\N,\N,\N,\N,"6.6895",\N,\N,"0.9191","55.1471","0.5515","3.6765","0.0000","2.9412","36.5809"
"Precinct","59","81-59","868","61.8234",\N,\N,\N,\N,"3.2330",\N,\N,"1.6129","30.7604","0.2304","7.6037","0.4608","1.2673","58.0645"
"Precinct","60","81-60","538","66.6667",\N,\N,\N,\N,"2.5362",\N,\N,"0.3717","23.9777","0.1859","3.1599","0.1859","1.1152","71.0037"
"Precinct","61","81-61","480","42.2164",\N,\N,\N,\N,"3.2258",\N,\N,"0.6250","52.0833","0.0000","9.7917","0.0000","0.8333","36.6667"
"Precinct","62","81-62","440","59.9455",\N,\N,\N,\N,"2.8698",\N,\N,"0.2273","37.7273","0.2273","2.7273","0.0000","1.3636","57.5000"
"Precinct","63","81-63","419","53.1052",\N,\N,\N,\N,"4.9887",\N,\N,"0.9547","35.3222","0.0000","2.8640","1.9093","0.2387","58.4726"
"Precinct","64","81-64","402","53.8153",\N,\N,\N,\N,"7.1594",\N,\N,"0.4975","54.2289","0.2488","3.9801","0.0000","1.4925","39.5522"
"Precinct","65","81-65","112","11.9276",\N,\N,\N,\N,"1.7544",\N,\N,"0.0000","45.5357","0.0000","0.0000","0.0000","1.7857","52.6786"
"Precinct","1","82-1","436","63.5569",\N,\N,\N,\N,"3.1111",\N,\N,"0.9174","49.5413","0.0000","7.1101","7.1101","1.6055","33.0275"
"Precinct","2","82-2","124","54.1485",\N,\N,\N,\N,"2.3622",\N,\N,"0.8065","45.9677","0.8065","8.0645","4.0323","8.8710","31.4516"
"Precinct","3","82-3","214","64.2643",\N,\N,\N,\N,"2.7273",\N,\N,"0.0000","56.0748","1.8692","7.0093","2.3364","0.9346","31.7757"
"Precinct","4","82-4","264","56.0510",\N,\N,\N,\N,"4.3478",\N,\N,"2.6515","55.3030","1.5152","4.9242","1.5152","3.7879","28.7879"
"Precinct","5","82-5","278","58.5263",\N,\N,\N,\N,"5.1195",\N,\N,"0.3597","61.8705","0.7194","7.1942","3.9568","1.0791","24.8201"
"Precinct","6","82-6","192","50.2618",\N,\N,\N,\N,"3.0303",\N,\N,"0.0000","68.2292","0.0000","5.7292","4.1667","0.5208","21.3542"
"Precinct","7","82-7","102","59.6491",\N,\N,\N,\N,"1.9231",\N,\N,"0.0000","73.5294","0.0000","7.8431","0.0000","1.9608","15.6863"
"Precinct","8","82-8","81","67.5000",\N,\N,\N,\N,"1.2195",\N,\N,"0.0000","69.1358","0.0000","8.6420","2.4691","1.2346","16.0494"
"Precinct","9","82-9","212","61.9883",\N,\N,\N,\N,"2.7523",\N,\N,"0.0000","48.5849","1.8868","7.5472","1.4151","1.4151","39.1509"
"Precinct","10","82-10","237","66.5730",\N,\N,\N,\N,"4.0486",\N,\N,"0.4219","49.7890","0.8439","8.8608","0.0000","2.5316","37.5527"
"Precinct","11","82-11","96","69.5652",\N,\N,\N,\N,"3.0303",\N,\N,"0.0000","27.0833","0.0000","2.0833","0.0000","0.0000","70.8333"
"Precinct","12","82-12","163","76.1682",\N,\N,\N,\N,"0.0000",\N,\N,"0.0000","63.8037","0.0000","6.7485","1.8405","1.8405","25.7669"
"Precinct","13","82-13","117","71.7791",\N,\N,\N,\N,"0.8475",\N,\N,"0.0000","57.2650","0.0000","6.8376","0.0000","1.7094","34.1880"
"Precinct","14","82-14","369","60.0000",\N,\N,\N,\N,"2.3810",\N,\N,"0.2710","75.6098","0.0000","2.9810","1.6260","1.6260","17.6152"
"Precinct","15","82-15","396","55.9322",\N,\N,\N,\N,"4.8077",\N,\N,"0.2525","61.1111","1.2626","4.0404","3.7879","1.2626","28.0303"
"Precinct","16","82-16","405","61.7378",\N,\N,\N,\N,"1.9370",\N,\N,"0.9877","59.7531","0.2469","3.7037","3.4568","0.7407","30.8642"
"Precinct","17","82-17","234","61.2565",\N,\N,\N,\N,"2.0921",\N,\N,"0.0000","75.6410","0.4274","5.1282","1.2821","1.7094","15.8120"
"Precinct","18","82-18","143","71.1443",\N,\N,\N,\N,"1.3793",\N,\N,"0.0000","57.3427","0.0000","9.0909","8.3916","1.3986","23.0769"
"Precinct","19","82-19","74","84.0909",\N,\N,\N,\N,"3.8961",\N,\N,"0.0000","44.5946","0.0000","36.4865","0.0000","1.3514","17.5676"
"Precinct","20","82-20","220","59.9455",\N,\N,\N,\N,"2.6549",\N,\N,"0.0000","56.3636","0.9091","20.9091","0.4545","2.2727","18.1818"
"Precinct","21","82-21","178","73.2510",\N,\N,\N,\N,"0.5587",\N,\N,"0.5618","66.2921","0.5618","15.1685","1.1236","1.6854","14.0449"
"Precinct","22","82-22","101","75.3731",\N,\N,\N,\N,"3.8095",\N,\N,"0.0000","72.2772","0.0000","9.9010","1.9802","2.9703","10.8911"
"Precinct","23","82-23","316","61.9608",\N,\N,\N,\N,"5.1051",\N,\N,"6.0127","45.8861","0.9494","3.4810","0.6329","1.2658","41.4557"
"Precinct","24","82-24","142","65.7407",\N,\N,\N,\N,"2.7397",\N,\N,"1.4085","60.5634","1.4085","7.0423","0.0000","1.4085","27.4648"
"Precinct","25","82-25","192","71.3755",\N,\N,\N,\N,"4.0000",\N,\N,"28.6458","50.5208","0.0000","8.8542","0.0000","1.5625","10.4167"
"Precinct","26","82-26","145","61.9658",\N,\N,\N,\N,"1.3605",\N,\N,"2.7586","61.3793","0.6897","20.0000","0.6897","0.6897","10.3448"
"Precinct","27","82-27","204","73.3813",\N,\N,\N,\N,"5.9908",\N,\N,"0.9804","73.0392","0.4902","5.8824","0.9804","0.4902","15.6863"
"Precinct","28","82-28","308","60.3922",\N,\N,\N,\N,"6.6667",\N,\N,"1.6234","42.5325","2.2727","8.1169","1.6234","0.3247","42.8571"
"Precinct","29","82-29","186","68.6347",\N,\N,\N,\N,"2.6178",\N,\N,"0.0000","65.5914","1.0753","8.6022","0.5376","1.0753","23.1183"
"Precinct","30","82-30","156","70.5882",\N,\N,\N,\N,"3.1056",\N,\N,"0.0000","54.4872","1.9231","16.0256","0.6410","0.0000","21.1538"
"Precinct","31","82-31","206","64.5768",\N,\N,\N,\N,"5.9361",\N,\N,"0.0000","65.5340","1.4563","7.7670","0.0000","2.4272","22.8155"
"Precinct","32","82-32","124","62.6263",\N,\N,\N,\N,"1.5873",\N,\N,"0.8065","68.5484","0.0000","8.0645","0.0000","1.6129","20.9677"
"Precinct","33","82-33","72","48.9796",\N,\N,\N,\N,"6.4935",\N,\N,"0.0000","41.6667","0.0000","9.7222","0.0000","4.1667","44.4444"
"Precinct","34","82-34","161","60.9848",\N,\N,\N,\N,"2.4242",\N,\N,"0.6211","67.7019","1.2422","8.0745","0.0000","0.6211","21.1180"
"Precinct","35","82-35","117","60.9375",\N,\N,\N,\N,"0.8475",\N,\N,"0.0000","59.8291","0.0000","9.4017","5.1282","0.0000","22.2222"
"Precinct","36","82-36","165","51.0836",\N,\N,\N,\N,"6.2500",\N,\N,"0.0000","62.4242","0.6061","5.4545","3.0303","1.2121","26.6667"
"Precinct","37","82-37","166","64.0927",\N,\N,\N,\N,"0.0000",\N,\N,"0.6024","76.5060","1.8072","1.8072","3.0120","0.0000","15.6627"
"Precinct","38","82-38","247","57.5758",\N,\N,\N,\N,"3.5156",\N,\N,"0.0000","60.7287","0.4049","3.6437","3.2389","3.6437","26.3158"
"Precinct","39","82-39","270","58.3153",\N,\N,\N,\N,"5.5944",\N,\N,"0.0000","58.1481","1.4815","8.1481","0.3704","0.7407","30.7407"
"Precinct","40","82-40","149","57.7519",\N,\N,\N,\N,"3.2468",\N,\N,"1.3423","50.3356","0.0000","2.6846","1.3423","1.3423","41.6107"
"Precinct","41","82-41","247","64.6597",\N,\N,\N,\N,"2.3715",\N,\N,"0.0000","78.5425","0.0000","4.0486","1.2146","0.8097","15.3846"
"Precinct","42","82-42","205","56.1644",\N,\N,\N,\N,"3.7559",\N,\N,"1.4634","68.7805","1.9512","9.2683","1.9512","1.9512","14.6341"
"Precinct","43","82-43","265","65.2709",\N,\N,\N,\N,"3.9855",\N,\N,"0.3774","39.2453","0.3774","8.3019","2.6415","3.3962","44.5283"
"Precinct","44","82-44","110","78.0142",\N,\N,\N,\N,"2.6549",\N,\N,"0.0000","47.2727","0.0000","15.4545","0.0000","1.8182","35.4545"
"Precinct","45","82-45","150","67.2646",\N,\N,\N,\N,"6.8323",\N,\N,"0.0000","60.0000","0.0000","14.6667","3.3333","1.3333","20.6667"
"Precinct","46","82-46","162","55.4795",\N,\N,\N,\N,"5.8140",\N,\N,"0.6173","37.6543","1.2346","4.3210","16.0494","3.0864","37.0370"
"Precinct","47","82-47","144","72.7273",\N,\N,\N,\N,"2.0408",\N,\N,"0.0000","72.9167","0.0000","6.2500","0.6944","3.4722","15.2778"
"Precinct","48","82-48","144","65.4545",\N,\N,\N,\N,"1.3699",\N,\N,"0.0000","54.8611","2.0833","7.6389","2.7778","1.3889","31.2500"
"Precinct","49","82-49","67","70.5263",\N,\N,\N,\N,"1.4706",\N,\N,"0.0000","65.6716","13.4328","13.4328","0.0000","1.4925","5.9701"
"Precinct","1","83-1","837","57.8039",\N,\N,\N,\N,"2.7875",\N,\N,"0.4779","22.9391","0.4779","0.9558","0.3584","0.0000","73.7157"
"Precinct","2","83-2","815","59.9265",\N,\N,\N,\N,"2.9762",\N,\N,"0.3681","33.4969","0.7362","3.8037","0.7362","0.0000","60.4908"
"Precinct","3","83-3","869","61.5439",\N,\N,\N,\N,"3.2294",\N,\N,"0.2301","24.1657","0.4603","1.6110","0.5754","0.0000","72.6122"
"Precinct","4","83-4","455","50.9518",\N,\N,\N,\N,"1.7279",\N,\N,"1.5385","19.3407","0.6593","4.1758","0.4396","0.0000","72.5275"
"Precinct","5","83-5","844","54.2068",\N,\N,\N,\N,"6.0134",\N,\N,"0.9479","23.3412","1.6588","1.6588","0.9479","0.0000","71.3270"
"Precinct","6","83-6","472","62.1871",\N,\N,\N,\N,"5.7884",\N,\N,"0.6356","29.8729","1.2712","2.3305","0.4237","0.0000","64.6186"
"Precinct","7","83-7","438","60.8333",\N,\N,\N,\N,"4.1575",\N,\N,"0.2283","30.1370","0.6849","1.5982","0.9132","0.0000","66.4384"
"Precinct","8","83-8","638","55.0475",\N,\N,\N,\N,"3.1866",\N,\N,"0.0000","29.9373","0.3135","2.1944","0.7837","0.0000","66.1442"
"Precinct","9","83-9","397","32.7558",\N,\N,\N,\N,"2.9340",\N,\N,"0.0000","35.7683","0.5038","4.5340","0.0000","0.0000","58.9421"
"Precinct","10","83-10","602","60.2603",\N,\N,\N,\N,"1.4730",\N,\N,"0.1661","28.4053","0.1661","4.3189","0.1661","0.0000","65.9468"
"Precinct","11","83-11","362","61.7747",\N,\N,\N,\N,"3.7234",\N,\N,"0.0000","27.0718","0.0000","1.6575","0.0000","0.0000","69.0608"
"Precinct","12","83-12","748","53.6201",\N,\N,\N,\N,"1.5789",\N,\N,"0.8021","24.5989","0.2674","2.0053","0.1337","0.0000","70.8556"
"Precinct","13","83-13","656","48.5566",\N,\N,\N,\N,"10.8696",\N,\N,"3.2012","23.4756","0.0000","2.4390","0.3049","0.0000","70.2744"
"Precinct","14","83-14","567","54.0515",\N,\N,\N,\N,"3.5714",\N,\N,"0.8818","32.0988","0.1764","3.1746","0.7055","0.0000","62.7866"
"Precinct","15","83-15","781","54.7302",\N,\N,\N,\N,"4.1718",\N,\N,"0.5122","41.6133","0.8963","4.2254","1.0243","0.0000","50.5762"
"Precinct","16","83-16","721","56.4605",\N,\N,\N,\N,"3.9947",\N,\N,"4.9931","31.4840","0.6935","1.9417","1.1096","0.0000","59.3620"
"Precinct","17","83-17","849","54.9515",\N,\N,\N,\N,"5.2455",\N,\N,"0.3534","32.7444","0.1178","1.6490","0.3534","0.0000","64.5465"
"Precinct","18","83-18","908","56.4677",\N,\N,\N,\N,"2.9915",\N,\N,"0.5507","24.5595","0.3304","3.4141","0.3304","0.0000","70.7048"
"Precinct","19","83-19","540","46.9157",\N,\N,\N,\N,"4.2553",\N,\N,"0.5556","28.8889","0.1852","1.4815","0.1852","0.0000","68.1481"
"Precinct","20","83-20","832","55.2090",\N,\N,\N,\N,"5.1311",\N,\N,"0.3606","32.9327","0.1202","2.2837","0.4808","0.0000","63.5817"
"Precinct","21","83-21","819","56.4828",\N,\N,\N,\N,"2.0335",\N,\N,"0.3663","27.9609","0.8547","2.6862","0.2442","0.0000","67.8877"
"Precinct","22","83-22","784","59.3939",\N,\N,\N,\N,"2.6087",\N,\N,"0.2551","26.2755","0.3827","2.8061","1.6582","0.0000","68.3673"
"Precinct","23","83-23","542","63.3178",\N,\N,\N,\N,"2.8674",\N,\N,"0.1845","21.9557","0.3690","5.1661","0.9225","0.0000","70.8487"
"Precinct","24","83-24","809","54.1499",\N,\N,\N,\N,"3.5757",\N,\N,"0.3708","22.2497","0.1236","3.2138","0.7417","0.0000","72.9295"
"Precinct","25","83-25","366","59.8039",\N,\N,\N,\N,"1.8767",\N,\N,"1.0929","18.5792","0.0000","2.4590","0.5464","0.0000","76.2295"
"Precinct","26","83-26","255","47.2222",\N,\N,\N,\N,"1.5444",\N,\N,"0.3922","28.2353","0.3922","1.9608","1.1765","0.0000","65.8824"
"Precinct","27","83-27","553","79.2264",\N,\N,\N,\N,"2.2968",\N,\N,"0.7233","55.6962","0.1808","5.0633","0.1808","0.0000","37.9747"
"Precinct","28","83-28","691","61.4769",\N,\N,\N,\N,"2.4011",\N,\N,"0.2894","42.4023","1.0130","4.9204","1.1577","0.0000","50.2171"
"Precinct","29","83-29","829","66.1612",\N,\N,\N,\N,"2.5852",\N,\N,"0.2413","38.3595","0.2413","3.3776","1.4475","0.0000","56.2123"
"Precinct","30","83-30","887","62.2456",\N,\N,\N,\N,"2.8478",\N,\N,"0.2255","23.9008","0.7892","2.4803","1.3529","0.0000","70.9132"
"Precinct","31","83-31","712","64.0864",\N,\N,\N,\N,"2.7322",\N,\N,"0.1404","33.5674","0.4213","1.8258","1.8258","0.0000","61.7978"
"Precinct","32","83-32","545","55.7830",\N,\N,\N,\N,"3.3688",\N,\N,"0.3670","29.5413","0.0000","5.1376","0.5505","0.0000","63.8532"
"Precinct","33","83-33","985","65.9745",\N,\N,\N,\N,"3.2417",\N,\N,"0.3046","35.7360","0.6091","3.1472","1.4213","0.0000","58.5787"
"Precinct","34","83-34","537","62.2248",\N,\N,\N,\N,"5.2910",\N,\N,"0.1862","36.6853","0.9311","6.3315","0.1862","0.0000","55.1210"
"Precinct","35","83-35","766","52.2510",\N,\N,\N,\N,"4.9628",\N,\N,"0.5222","28.4595","0.5222","3.9164","2.0888","0.0000","64.4909"
"Precinct","36","83-36","441","64.5681",\N,\N,\N,\N,"0.0000",\N,\N,"0.0000","40.8163","0.0000","6.8027","0.2268","0.0000","48.9796"
"Precinct","37","83-37","888","69.1589",\N,\N,\N,\N,"2.2026",\N,\N,"0.0000","28.8288","0.2252","3.0405","0.3378","0.0000","67.4550"
"Precinct","38","83-38","364","64.1975",\N,\N,\N,\N,"4.2105",\N,\N,"0.2747","36.5385","0.0000","8.5165","0.5495","0.0000","54.1209"
"Precinct","39","83-39","318","57.0916",\N,\N,\N,\N,"5.6380",\N,\N,"0.0000","38.0503","0.0000","7.5472","0.6289","0.0000","53.7736"
"Precinct","40","83-40","240","74.0741",\N,\N,\N,\N,"0.0000",\N,\N,"0.0000","43.3333","0.0000","2.5000","0.0000","0.0000","51.6667"
"Precinct","41","83-41","318","66.8067",\N,\N,\N,\N,"0.9346",\N,\N,"0.6289","39.6226","0.9434","5.0314","1.2579","0.0000","52.2013"
"Precinct","42","83-42","244","78.7097",\N,\N,\N,\N,"0.8130",\N,\N,"0.0000","49.1803","0.0000","2.0492","0.0000","0.0000","48.3607"
"Precinct","43","83-43","529","67.0469",\N,\N,\N,\N,"2.2181",\N,\N,"0.1890","50.6616","0.5671","3.9698","1.7013","0.0000","37.9962"
"Precinct","44","83-44","358","70.1961",\N,\N,\N,\N,"3.5040",\N,\N,"0.5587","31.5642","2.5140","4.7486","3.0726","0.0000","57.5419"
"Precinct","1","84-1","530","63.7786",\N,\N,\N,\N,"4.6763",\N,\N,"0.5660","70.0000","0.5660","3.9623","0.5660","1.5094","22.4528"
"Precinct","2","84-2","327","60.0000",\N,\N,\N,\N,"4.9419",\N,\N,"0.0000","74.6177","0.3058","0.9174","0.9174","0.6116","22.6300"
"Precinct","3","84-3","204","54.1114",\N,\N,\N,\N,"2.8571",\N,\N,"0.4902","53.9216","0.0000","2.9412","0.4902","0.9804","39.2157"
"Precinct","4","84-4","479","53.5794",\N,\N,\N,\N,"3.6217",\N,\N,"1.0438","49.0605","1.2526","2.5052","2.9228","0.8351","42.3800"
"Precinct","5","84-5","301","55.0274",\N,\N,\N,\N,"2.2727",\N,\N,"0.0000","77.0764","0.3322","3.9867","0.3322","0.9967","17.2757"
"Precinct","6","84-6","233","60.6771",\N,\N,\N,\N,"4.1152",\N,\N,"0.4292","65.2361","0.0000","2.5751","0.4292","3.8627","27.4678"
"Precinct","7","84-7","334","53.5256",\N,\N,\N,\N,"4.2980",\N,\N,"1.4970","53.5928","0.5988","11.9760","0.0000","1.7964","30.2395"
"Precinct","8","84-8","296","64.3478",\N,\N,\N,\N,"1.6611",\N,\N,"1.3514","69.5946","0.0000","4.0541","1.3514","1.0135","22.6351"
"Precinct","9","84-9","378","55.4252",\N,\N,\N,\N,"3.3248",\N,\N,"1.0582","53.4392","0.5291","5.8201","1.0582","5.5556","32.0106"
"Precinct","10","84-10","298","63.0021",\N,\N,\N,\N,"2.6144",\N,\N,"0.0000","63.0872","0.0000","11.7450","1.3423","2.0134","21.8121"
"Precinct","11","84-11","320","48.8550",\N,\N,\N,\N,"3.3233",\N,\N,"0.9375","55.3125","0.0000","6.2500","0.0000","1.2500","36.2500"
"Precinct","12","84-12","554","52.5617",\N,\N,\N,\N,"2.9772",\N,\N,"0.7220","44.9458","0.0000","3.9711","1.0830","3.7906","45.4874"
"Precinct","13","84-13","262","66.3291",\N,\N,\N,\N,"2.6022",\N,\N,"1.1450","42.3664","0.0000","3.8168","0.0000","0.3817","52.2901"
"Precinct","14","84-14","330","60.9982",\N,\N,\N,\N,"2.9412",\N,\N,"0.3030","56.3636","0.0000","1.5152","0.3030","0.0000","41.5152"
"Precinct","15","84-15","192","59.6273",\N,\N,\N,\N,"3.0303",\N,\N,"1.5625","70.8333","0.0000","3.1250","0.0000","1.5625","22.9167"
"Precinct","16","84-16","228","60.9626",\N,\N,\N,\N,"2.9787",\N,\N,"0.0000","90.7895","0.0000","0.4386","0.0000","0.0000","8.7719"
"Precinct","17","84-17","372","57.5851",\N,\N,\N,\N,"3.1250",\N,\N,"3.4946","58.8710","0.0000","2.4194","1.6129","1.0753","32.5269"
"Precinct","18","84-18","703","59.7281",\N,\N,\N,\N,"4.3537",\N,\N,"0.2845","61.3087","0.1422","8.3926","0.7112","1.1380","27.5960"
"Precinct","19","84-19","462","58.9286",\N,\N,\N,\N,"6.0976",\N,\N,"1.7316","66.0173","0.6494","6.4935","2.1645","0.8658","22.0779"
"Precinct","20","84-20","173","79.3578",\N,\N,\N,\N,"1.7045",\N,\N,"0.5780","69.3642","0.0000","2.8902","0.5780","1.7341","24.8555"
"Precinct","21","84-21","198","68.2759",\N,\N,\N,\N,"2.4631",\N,\N,"1.0101","65.1515","0.0000","5.0505","3.0303","1.5152","24.2424"
"Precinct","22","84-22","158","62.2047",\N,\N,\N,\N,"3.0675",\N,\N,"1.2658","60.1266","0.0000","4.4304","0.0000","0.0000","33.5443"
"Precinct","23","84-23","357","45.1899",\N,\N,\N,\N,"12.0690",\N,\N,"0.8403","49.8599","0.2801","1.9608","20.4482","1.4006","25.2101"
"Precinct","24","84-24","342","63.8060",\N,\N,\N,\N,"4.4693",\N,\N,"1.4620","73.9766","0.0000","1.4620","0.0000","0.5848","22.2222"
"Precinct","25","84-25","274","63.8695",\N,\N,\N,\N,"4.5296",\N,\N,"16.0584","8.0292","0.7299","1.4599","1.8248","0.7299","34.6715"
"Precinct","26","84-26","291","63.2609",\N,\N,\N,\N,"3.3223",\N,\N,"6.5292","53.6082","0.0000","6.1856","1.0309","1.0309","30.5842"
"Precinct","27","84-27","275","61.9369",\N,\N,\N,\N,"1.7857",\N,\N,"0.7273","56.0000","0.0000","2.9091","1.0909","0.3636","38.9091"
"Precinct","28","84-28","181","51.2748",\N,\N,\N,\N,"2.1622",\N,\N,"0.0000","74.5856","0.0000","2.7624","2.7624","0.0000","19.8895"
"Precinct","29","84-29","162","63.7795",\N,\N,\N,\N,"2.9940",\N,\N,"0.0000","61.1111","0.0000","6.7901","0.0000","1.2346","30.2469"
"Precinct","30","84-30","135","71.4286",\N,\N,\N,\N,"0.7353",\N,\N,"0.0000","68.8889","0.0000","4.4444","0.0000","0.7407","25.9259"
"Precinct","31","84-31","288","55.7060",\N,\N,\N,\N,"2.3729",\N,\N,"0.3472","62.8472","0.0000","3.1250","2.4306","1.3889","29.8611"
"Precinct","32","84-32","369","58.6645",\N,\N,\N,\N,"3.1496",\N,\N,"0.5420","48.5095","0.2710","5.4201","2.1680","0.0000","43.0894"
"Precinct","33","84-33","203","67.6667",\N,\N,\N,\N,"3.7915",\N,\N,"0.0000","49.2611","0.0000","4.4335","0.4926","0.0000","45.8128"
"Precinct","34","84-34","120","68.9655",\N,\N,\N,\N,"2.4390",\N,\N,"0.8333","66.6667","0.8333","6.6667","3.3333","1.6667","20.0000"
"Precinct","35","84-35","171","72.4576",\N,\N,\N,\N,"0.0000",\N,\N,"0.5848","53.8012","0.0000","7.6023","0.0000","1.7544","35.6725"
"Precinct","36","84-36","254","61.0577",\N,\N,\N,\N,"4.1509",\N,\N,"0.0000","51.5748","0.0000","5.9055","1.9685","0.0000","39.3701"
"Precinct","37","84-37","244","52.3605",\N,\N,\N,\N,"5.0584",\N,\N,"0.0000","72.1311","0.0000","1.6393","2.4590","0.8197","22.9508"
"Precinct","38","84-38","142","55.9055",\N,\N,\N,\N,"2.7397",\N,\N,"0.7042","60.5634","0.7042","4.2254","0.7042","0.0000","33.0986"
"Precinct","39","84-39","278","52.7514",\N,\N,\N,\N,"1.4184",\N,\N,"0.0000","59.7122","1.0791","5.3957","0.7194","0.7194","32.3741"
"Precinct","40","84-40","310","60.4288",\N,\N,\N,\N,"2.8213",\N,\N,"0.3226","77.0968","0.3226","1.2903","0.3226","0.6452","20.0000"
"Precinct","41","84-41","291","51.6874",\N,\N,\N,\N,"4.5902",\N,\N,"0.3436","63.2302","0.6873","3.4364","0.6873","0.0000","31.6151"
"Precinct","42","84-42","347","54.9051",\N,\N,\N,\N,"3.0726",\N,\N,"0.8646","52.7378","0.0000","2.8818","8.9337","1.1527","33.4294"
"Precinct","43","84-43","104","58.7571",\N,\N,\N,\N,"5.4545",\N,\N,"0.0000","35.5769","0.0000","4.8077","1.9231","0.9615","56.7308"
"Precinct","44","84-44","109","52.6570",\N,\N,\N,\N,"5.2174",\N,\N,"1.8349","52.2936","0.0000","6.4220","10.0917","0.0000","28.4404"
"Precinct","45","84-45","190","70.6320",\N,\N,\N,\N,"1.5544",\N,\N,"0.0000","73.1579","1.5789","4.2105","0.0000","2.6316","18.4211"
"Precinct","46","84-46","183","61.8243",\N,\N,\N,\N,"1.6129",\N,\N,"2.1858","78.6885","0.0000","3.2787","1.0929","1.0929","13.6612"
"Precinct","47","84-47","101","75.9398",\N,\N,\N,\N,"2.8846",\N,\N,"0.9901","77.2277","0.0000","9.9010","0.0000","1.9802","9.9010"
"Precinct","48","84-48","96","61.1465",\N,\N,\N,\N,"1.0309",\N,\N,"0.0000","63.5417","0.0000","5.2083","0.0000","0.0000","31.2500"
"Precinct","49","84-49","270","69.2308",\N,\N,\N,\N,"1.4599",\N,\N,"0.0000","64.4444","0.0000","6.2963","1.4815","0.7407","27.0370"
"Precinct","50","84-50","245","72.4852",\N,\N,\N,\N,"2.7778",\N,\N,"0.0000","62.4490","0.0000","3.2653","0.0000","0.0000","33.4694"
"Precinct","51","84-51","179","66.7910",\N,\N,\N,\N,"3.2432",\N,\N,"8.9385","44.6927","0.5587","1.6760","1.1173","1.1173","41.3408"
"Precinct","52","84-52","130","64.0394",\N,\N,\N,\N,"1.5152",\N,\N,"0.0000","76.1538","0.7692","2.3077","0.7692","0.0000","18.4615"
"Precinct","53","84-53","168","66.1417",\N,\N,\N,\N,"7.6923",\N,\N,"0.0000","52.9762","0.0000","2.9762","0.5952","1.1905","42.2619"
"Precinct","54","84-54","231","69.1617",\N,\N,\N,\N,"2.5316",\N,\N,"0.0000","43.7229","0.0000","4.7619","1.2987","0.0000","49.7835"
